title,slug,post_type,date,word_count,recommended_action,new_hugo_section,recommended_new_slug,priority,notes,link
Contact Us,contact,page,2018-09-18 09:29:30,58,keep/rewrite,site,,medium,reuse for About/FAQ/OEM/contact content as needed,https://wp.pky-dripirrigation.com/contact/
Blog,blog,page,2018-09-18 09:29:31,0,discard,discard,,low,utility/empty/low-value page,https://wp.pky-dripirrigation.com/blog/
A homepage section,a-homepage-section,page,2018-09-18 09:29:31,3,discard,discard,,low,utility/empty/low-value page,https://wp.pky-dripirrigation.com/a-homepage-section/
FAQs,faqs,page,2018-09-20 08:35:45,251,keep/rewrite,site,,medium,reuse for About/FAQ/OEM/contact content as needed,https://wp.pky-dripirrigation.com/faqs/
Drip irrigation pressure relief valve (manual valve),standard-pressure-relief-valve-for-drip-irrigation-with-manual-three-way-valve,page,2018-12-13 07:11:16,78,rewrite/merge,docs,standard-pressure-relief-valve-for-drip-irrigation-with-manu,low,technical reference; keep only if rewritten and linked to products/solutions,https://wp.pky-dripirrigation.com/standard-pressure-relief-valve-for-drip-irrigation-with-manual-three-way-valve/
About us 2025,about-us,page,2019-06-14 02:36:48,152,keep/rewrite,site,,medium,reuse for About/FAQ/OEM/contact content as needed,https://wp.pky-dripirrigation.com/about-us/
Drip irrigation tape,drip-irrigation-tape,page,2019-08-22 06:23:16,339,rewrite/merge,product,filters-valves-accessories,medium,supporting components; do not create many SKU pages,https://wp.pky-dripirrigation.com/drip-irrigation-tape/
20 hectare Orchard drip system ,20-hectare-orchard-drip-system,page,2019-08-23 06:05:47,109,rewrite,applications,orchard-irrigation,medium,convert to application scenario/case page,https://wp.pky-dripirrigation.com/20-hectare-orchard-drip-system/
Soil temperature and humidity sensor,soil-temperature-and-humidity-sensor,page,2019-12-12 03:58:51,160,rewrite/merge,product,sensors-monitoring,medium,merge into Sensors & Monitoring product family,https://wp.pky-dripirrigation.com/soil-temperature-and-humidity-sensor/
Solar powered irrigation system design,solar-powered-irrigation-system-design,page,2019-12-17 02:55:55,342,rewrite/merge,solution,solar-powered-irrigation,medium,use for Solar-Powered Irrigation / solar pump guide,https://wp.pky-dripirrigation.com/solar-powered-irrigation-system-design/
Sand centrifugal filter Water irrigation filters machine system,sand-centrifugal-filter-water-irrigation-filters-machine-system,page,2019-12-18 07:10:19,326,rewrite/merge,product,filters-valves-accessories,medium,merge into Filters & Irrigation Components,https://wp.pky-dripirrigation.com/sand-centrifugal-filter-water-irrigation-filters-machine-system/
"Pkydrip Signal output wind direction sensor, Wind direction transmitter for smart agriculture",pkydrip-signal-output-wind-direction-sensor-wind-direction-transmitter-for-smart-agriculture,page,2020-01-03 09:30:50,491,rewrite/merge,product,sensors-monitoring,medium,merge into Sensors & Monitoring product family,https://wp.pky-dripirrigation.com/pkydrip-signal-output-wind-direction-sensor-wind-direction-transmitter-for-smart-agriculture/
"Pkydrip Greenhouse irrigation wind speed sensor, Three Cup Speedometer Wind Detector",pkydrip-greenhouse-irrigation-wind-speed-sensor-three-cup-speedometer-wind-detector,page,2020-01-04 01:20:59,371,rewrite/merge,product,sensors-monitoring,medium,merge into Sensors & Monitoring product family,https://wp.pky-dripirrigation.com/pkydrip-greenhouse-irrigation-wind-speed-sensor-three-cup-speedometer-wind-detector/
DN25–DN65 Flange Integrated Electromagnetic Flowmeter for Agricultural Irrigation Systems,dn25-32-40-50-65-flange-integrated-electromagnetic-flowmeter,page,2020-01-04 10:10:40,235,rewrite/merge,product,sensors-monitoring,medium,merge into Sensors & Monitoring product family,https://wp.pky-dripirrigation.com/dn25-32-40-50-65-flange-integrated-electromagnetic-flowmeter/
"10–30V DC Light Intensity Sensor, Lux Output for Agricultural Automation",10-30v-dc-0-4w-light-intensity-lux-daylight-sensor-illumination-sensor,page,2020-01-06 06:23:43,218,rewrite/merge,product,sensors-monitoring,medium,merge into Sensors & Monitoring product family,https://wp.pky-dripirrigation.com/10-30v-dc-0-4w-light-intensity-lux-daylight-sensor-illumination-sensor/
"RS485 Oxygen sensor transmitter, oxygen concentration detection",rs485-oxygen-sensor-transmitter-oxygen-concentration-detection,page,2020-01-07 01:21:11,246,rewrite/merge,product,sensors-monitoring,medium,merge into Sensors & Monitoring product family,https://wp.pky-dripirrigation.com/rs485-oxygen-sensor-transmitter-oxygen-concentration-detection/
10–30V CO₂ Sensor Transmitter for Smart Agriculture Monitoring,10-30v-co2-monitor-sensor-transmitter-carbon-dioxide-transmitter,page,2020-01-07 01:40:53,284,rewrite/merge,product,sensors-monitoring,medium,merge into Sensors & Monitoring product family,https://wp.pky-dripirrigation.com/10-30v-co2-monitor-sensor-transmitter-carbon-dioxide-transmitter/
12–24V DC Rain Sensor – Double Tipping Bucket Type for Smart Agriculture Monitoring,12v-24vdc-abs-rain-sensor-double-tipping-bucket-rain-gauge,page,2020-01-09 02:23:46,199,rewrite/merge,product,sensors-monitoring,medium,merge into Sensors & Monitoring product family,https://wp.pky-dripirrigation.com/12v-24vdc-abs-rain-sensor-double-tipping-bucket-rain-gauge/
Design custom agricultural Single/ Multi-span greenhouses,design-custom-agricultural-single-multi-span-greenhouses,page,2020-01-16 00:44:44,183,review,review,,low,needs manual review,https://wp.pky-dripirrigation.com/design-custom-agricultural-single-multi-span-greenhouses/
Large Long Range Metal Rocker Nozzle Spray Gun for Agricultural Irrigation,large-long-range-metal-rocker-nozzle-spray-gun-for-agricultural-irrigation,page,2020-03-13 02:13:23,47,rewrite/merge,product,pump-valve-control-system,medium,supporting components; do not create many SKU pages,https://wp.pky-dripirrigation.com/large-long-range-metal-rocker-nozzle-spray-gun-for-agricultural-irrigation/
"RS485 Soil ph sensor for agricultural greenhouses irrigation, PH meter transmitter",rs485-soil-ph-sensor-for-agricultural-greenhouses-irrigation-ph-meter-transmitter,page,2020-03-16 09:28:12,0,discard,discard,,low,utility/empty/low-value page,https://wp.pky-dripirrigation.com/rs485-soil-ph-sensor-for-agricultural-greenhouses-irrigation-ph-meter-transmitter/
"Smart Agriculture Remote Monitoring System, Intelligent Greenhouse Irrigation Monitoring System Scheme Design",smart-agriculture-remote-monitoring-system-intelligent-greenhouse-irrigation-monitoring-system-scheme-design,page,2020-03-26 06:03:00,801,rewrite,solution,greenhouse-irrigation,medium,solution/project concept material,https://wp.pky-dripirrigation.com/smart-agriculture-remote-monitoring-system-intelligent-greenhouse-irrigation-monitoring-system-scheme-design/
Intelligent water and fertilizer integrated drip irrigation system,computer-mobile-phone-remote-control-automatic-intelligent-water-and-fertilizer-integrated-drip-irrigation-equipment-fertilizer,page,2020-03-28 07:12:14,1064,rewrite/merge,product,fertigation-system,high,merge into Fertigation System product family or solution,https://wp.pky-dripirrigation.com/computer-mobile-phone-remote-control-automatic-intelligent-water-and-fertilizer-integrated-drip-irrigation-equipment-fertilizer/
Digital Capacitive Soil Temperature and Humidity Transmitter for Intelligent Greenhouse,digital-capacitive-soil-temperature-and-humidity-transmitter-for-intelligent-greenhouse,page,2020-04-29 02:59:04,212,rewrite/merge,product,sensors-monitoring,medium,merge into Sensors & Monitoring product family,https://wp.pky-dripirrigation.com/digital-capacitive-soil-temperature-and-humidity-transmitter-for-intelligent-greenhouse/
Pkydrip irrigation-system sand filter,pkydrip-irrigation-system-sand-filter,page,2021-05-08 02:49:51,318,rewrite/merge,product,filters-valves-accessories,medium,merge into Filters & Irrigation Components,https://wp.pky-dripirrigation.com/pkydrip-irrigation-system-sand-filter/
A Drip irrigation system case for greenhouse,a-drip-irrigation-system-case-for-greenhouse,page,2021-05-08 10:56:27,453,rewrite/merge,docs,a-drip-irrigation-system-case-for-greenhouse,low,technical reference; keep only if rewritten and linked to products/solutions,https://wp.pky-dripirrigation.com/a-drip-irrigation-system-case-for-greenhouse/
Automatic Backwash Disc Filter for Agricultural Irrigation Systems,agricultural-irrigation-large-filter-disc-filter-auto-backwash,page,2021-05-08 10:54:41,300,rewrite/merge,product,filters-valves-accessories,medium,merge into Filters & Irrigation Components,https://wp.pky-dripirrigation.com/agricultural-irrigation-large-filter-disc-filter-auto-backwash/
Smart Agriculture Irrigation System 3 Unit Set Disc Water Automatic Backwash Filters Combination,smart-agriculture-irrigation-system-3-unit-set-disc-water-automatic-backwash-filters-combination,page,2022-01-11 06:40:31,66,rewrite/merge,product,filters-valves-accessories,medium,merge into Filters & Irrigation Components,https://wp.pky-dripirrigation.com/smart-agriculture-irrigation-system-3-unit-set-disc-water-automatic-backwash-filters-combination/
Scheme design of 1 hectare tomato planting drip irrigation system for agriculture greenhouse,scheme-design-of-1-hectare-tomato-planting-drip-irrigation-system-for-agriculture-greenhouse,page,2022-01-11 09:06:51,365,rewrite,applications,tomato-drip-irrigation,medium,convert to application scenario/case page,https://wp.pky-dripirrigation.com/scheme-design-of-1-hectare-tomato-planting-drip-irrigation-system-for-agriculture-greenhouse/
"Soil NPK Sensor – High-Precision Nitrogen, Phosphorus, Potassium Detector for Smart Agriculture",agricultural-greenhouse-measuring-instrument-nitrogen-phosphorus-potassium-high-precision-and-intelligence-soil-sensor,page,2022-01-11 09:30:13,190,rewrite/merge,product,sensors-monitoring,medium,merge into Sensors & Monitoring product family,https://wp.pky-dripirrigation.com/agricultural-greenhouse-measuring-instrument-nitrogen-phosphorus-potassium-high-precision-and-intelligence-soil-sensor/
Farming Agriculture Irrigation Automatic Sand and Gravel Centrifugal Water Filter for Greenhouse,farming-agriculture-irrigation-automatic-sand-and-gravel-centrifugal-water-filter-for-greenhouse,page,2022-01-12 06:16:29,28,rewrite/merge,product,filters-valves-accessories,medium,merge into Filters & Irrigation Components,https://wp.pky-dripirrigation.com/farming-agriculture-irrigation-automatic-sand-and-gravel-centrifugal-water-filter-for-greenhouse/
Smart Agricultural Weather Station - Automated Meteorological Monitoring and Disease Alert System for Greenhouses,intelligent-automatic-collection-meteorological-monitoring-and-disease-warning-greenhouse-small-agricultural-weather-station,page,2022-01-12 06:38:07,511,rewrite/merge,product,sensors-monitoring,medium,merge into Sensors & Monitoring product family,https://wp.pky-dripirrigation.com/intelligent-automatic-collection-meteorological-monitoring-and-disease-warning-greenhouse-small-agricultural-weather-station/
Pkydrip 1/2'' Triangle bracket Garden Irrigation Impact Sprinkler Rain Gun Triangle Bracket,pkydrip-1-2-triangle-bracket-garden-irrigation-impact-sprinkler-rain-gun-triangle-bracket,page,2022-01-13 09:44:47,13,discard,discard,,low,utility/empty/low-value page,https://wp.pky-dripirrigation.com/pkydrip-1-2-triangle-bracket-garden-irrigation-impact-sprinkler-rain-gun-triangle-bracket/
Intelligent Solenoid Valve Control Hour Meter Automatic Irrigation Control Timing Equipment Water Timer for Garden Watering,intelligent-solenoid-valve-control-hour-meter-automatic-irrigation-control-timing-equipment-water-timer-for-garden-watering,page,2022-01-15 09:26:58,40,rewrite/merge,product,filters-valves-accessories,high,merge into Pump & Valve Control System / Irrigation Controller family,https://wp.pky-dripirrigation.com/intelligent-solenoid-valve-control-hour-meter-automatic-irrigation-control-timing-equipment-water-timer-for-garden-watering/
Centrifugal Screen Water Filter for Agricultural Drip Irrigation Systems,purify-water-source-centrifugal-screen-water-filter-for-agriculture-saving-water-drip-irrigation-system,page,2022-01-17 09:17:16,250,rewrite/merge,product,filters-valves-accessories,medium,merge into Filters & Irrigation Components,https://wp.pky-dripirrigation.com/purify-water-source-centrifugal-screen-water-filter-for-agriculture-saving-water-drip-irrigation-system/
Wind direction sensor for agriculture greenhouse weather station,wind-direction-sensor-for-agriculture-greenhouse-weather-station,page,2022-01-19 06:23:51,149,rewrite/merge,product,sensors-monitoring,medium,merge into Sensors & Monitoring product family,https://wp.pky-dripirrigation.com/wind-direction-sensor-for-agriculture-greenhouse-weather-station/
soil npk senosr used for agriculture farm greenhouse plant fertilizer monitor,soil-npk-senosr-used-for-agriculture-farm-greenhouse-plant-fertilizer-monitor,page,2022-01-19 06:39:51,127,rewrite/merge,product,fertigation-system,high,merge into Fertigation System product family or solution,https://wp.pky-dripirrigation.com/soil-npk-senosr-used-for-agriculture-farm-greenhouse-plant-fertilizer-monitor/
RS485 Output Soil Temperature Moisture Humidity Sensor  for Agriculture Greenhouse,rs485-output-soil-temperature-moisture-humidity-sensor-for-agriculture-greenhouse,page,2022-01-19 07:48:38,74,rewrite/merge,product,sensors-monitoring,medium,merge into Sensors & Monitoring product family,https://wp.pky-dripirrigation.com/rs485-output-soil-temperature-moisture-humidity-sensor-for-agriculture-greenhouse/
Intelligent Greenhouse Monitoring and Control System,intelligent-greenhouse-monitoring-and-control-system,page,2022-08-26 06:59:06,2,discard,discard,,low,utility/empty/low-value page,https://wp.pky-dripirrigation.com/intelligent-greenhouse-monitoring-and-control-system/
Single channel water and fertilizer integrated machine for farm irrigation system,single-channel-water-and-fertilizer-integrated-machine-for-farm-irrigation-system,page,2022-08-26 09:28:22,0,discard,discard,,low,utility/empty/low-value page,https://wp.pky-dripirrigation.com/single-channel-water-and-fertilizer-integrated-machine-for-farm-irrigation-system/
Automatic Water and Fertilizer Integrated Machine for Agricultural Greenhouse Irrigation,automatic-water-and-fertilizer-integrated-machine-for-agriculture-greenhouse-irrigation-system,page,2022-08-27 02:03:30,227,rewrite/merge,product,fertigation-system,high,merge into Fertigation System product family or solution,https://wp.pky-dripirrigation.com/automatic-water-and-fertilizer-integrated-machine-for-agriculture-greenhouse-irrigation-system/
Remote Control Intelligent Irrigation Greenhouse Planting Three-channel Water and Fertilizer Machine,remote-control-intelligent-irrigation-greenhouse-planting-three-channel-water-and-fertilizer-machine,page,2022-08-27 03:13:51,101,rewrite/merge,product,fertigation-system,high,merge into Fertigation System product family or solution,https://wp.pky-dripirrigation.com/remote-control-intelligent-irrigation-greenhouse-planting-three-channel-water-and-fertilizer-machine/
Footer,footer,page,2022-08-27 07:43:32,47,discard,discard,,low,utility/empty/low-value page,https://wp.pky-dripirrigation.com/footer/
Single-Channel Intelligent Water Fertilizer Integrated Machine,single-channel-intelligent-water-fertilizer-integrated-machine,page,2022-08-27 07:49:25,101,rewrite/merge,product,fertigation-system,high,merge into Fertigation System product family or solution,https://wp.pky-dripirrigation.com/single-channel-intelligent-water-fertilizer-integrated-machine/
8 zone  smart wifi remote control Tuya app controller irrigation system,8-zone-smart-wifi-remote-control-tuya-app-controller-irrigation-system,page,2023-11-14 06:06:17,227,rewrite/merge,product,pump-valve-control-system,high,merge into Pump & Valve Control System / Irrigation Controller family,https://wp.pky-dripirrigation.com/8-zone-smart-wifi-remote-control-tuya-app-controller-irrigation-system/
smart watering device wifi garden timer,smart-watering-device-wifi-garden-timer,page,2023-11-14 06:18:44,0,discard,discard,,low,utility/empty/low-value page,https://wp.pky-dripirrigation.com/smart-watering-device-wifi-garden-timer/
Smart watering device wifi garden timer automatic watering system,smart-watering-device-wifi-garden-timer-automatic-watering-system,page,2023-11-14 06:29:23,0,discard,discard,,low,utility/empty/low-value page,https://wp.pky-dripirrigation.com/smart-watering-device-wifi-garden-timer-automatic-watering-system/
Smart 8 station sprinkler controller,smart-solenoid-valve-controller-8-station-controller,page,2024-06-06 08:11:36,275,rewrite/merge,product,filters-valves-accessories,high,merge into Pump & Valve Control System / Irrigation Controller family,https://wp.pky-dripirrigation.com/smart-solenoid-valve-controller-8-station-controller/
Intelligent Smart Garden APP Control WiFi Auto Garden Water Timer,intelligent-smart-garden-wireless-control-wifi-auto-garden-irrigation-timer,page,2024-06-06 09:55:23,168,review,review,,low,needs manual review,https://wp.pky-dripirrigation.com/intelligent-smart-garden-wireless-control-wifi-auto-garden-irrigation-timer/
OEM,oem,page,2024-07-24 11:17:27,126,keep/rewrite,site,,medium,reuse for About/FAQ/OEM/contact content as needed,https://wp.pky-dripirrigation.com/oem/
customize your fertigation system,customize-your-fertigation-system,page,2024-11-03 23:31:04,107,rewrite/merge,product,fertigation-system,high,merge into Fertigation System product family or solution,https://wp.pky-dripirrigation.com/customize-your-fertigation-system/
"AC/DC 24V Solenoid Valve for Agricultural Irrigation (1/2"", 3/4"", 1‘’, 1.5"")",ac-dc-solenoid-valve-for-irrigation-system,page,2024-09-12 06:43:51,164,rewrite/merge,product,filters-valves-accessories,medium,supporting components; do not create many SKU pages,https://wp.pky-dripirrigation.com/ac-dc-solenoid-valve-for-irrigation-system/
Fertigation Machine Multi-Channel  – Efficient Smart Irrigation Solution,fertigation-machine-multi-channel-efficient-smart-irrigation-solution,page,2024-11-03 05:01:11,364,rewrite/merge,product,fertigation-system,high,merge into Fertigation System product family or solution,https://wp.pky-dripirrigation.com/fertigation-machine-multi-channel-efficient-smart-irrigation-solution/
Privacy Policy,privacy-policy,page,2024-11-04 02:59:33,2648,discard,discard,,low,utility/empty/low-value page,https://wp.pky-dripirrigation.com/privacy-policy/
Intelligent 1–7 Channel Water and Fertilizer Machine for Farm Irrigation Systems,intelligent-1-7-channels-water-fertilizer-machine-for-farm-irrigation-system,page,2024-11-06 02:21:04,382,rewrite/merge,product,fertigation-system,high,merge into Fertigation System product family or solution,https://wp.pky-dripirrigation.com/intelligent-1-7-channels-water-fertilizer-machine-for-farm-irrigation-system/
fertigation system,fertigation-system,page,2024-11-11 09:20:58,631,rewrite/merge,product,fertigation-system,high,merge into Fertigation System product family or solution,https://wp.pky-dripirrigation.com/fertigation-system/
PKY Drip Water and Fertilizer Machine,pky-drip-water-and-fertilizer-machine,page,2024-11-07 08:15:21,180,rewrite/merge,product,fertigation-system,high,merge into Fertigation System product family or solution,https://wp.pky-dripirrigation.com/pky-drip-water-and-fertilizer-machine/
Smart Agriculture 4-channel Water and Fertilizer Machine,smart-agriculture-4-channel-water-and-fertilizer-machine,page,2024-11-13 03:49:11,172,rewrite/merge,product,fertigation-system,high,merge into Fertigation System product family or solution,https://wp.pky-dripirrigation.com/smart-agriculture-4-channel-water-and-fertilizer-machine/
Thanks,thank-you-for-reaching-out,page,2024-11-19 02:20:09,17,discard,discard,,low,utility/empty/low-value page,https://wp.pky-dripirrigation.com/thank-you-for-reaching-out/
data-deletion-request,data-deletion-request,page,2024-11-20 08:56:42,200,discard,discard,,low,utility/empty/low-value page,https://wp.pky-dripirrigation.com/data-deletion-request/
Irrigation Controller,irrigation-controller,page,2024-12-17 23:40:16,123,rewrite/merge,product,pump-valve-control-system,high,merge into Pump & Valve Control System / Irrigation Controller family,https://wp.pky-dripirrigation.com/irrigation-controller/
Customizable Multi-function Wifi Smart Irrigation Controller,customizable-multi-function-wifi-smart-irrigation-controller,page,2024-12-17 09:49:24,204,rewrite/merge,product,pump-valve-control-system,high,merge into Pump & Valve Control System / Irrigation Controller family,https://wp.pky-dripirrigation.com/customizable-multi-function-wifi-smart-irrigation-controller/
Intelligent Irrigation Controller,intelligent-irrigation-controller,page,2024-12-19 03:09:02,209,rewrite/merge,product,pump-valve-control-system,high,merge into Pump & Valve Control System / Irrigation Controller family,https://wp.pky-dripirrigation.com/intelligent-irrigation-controller/
Intelligent Fertigation System,intelligent-fertigation-system,page,2024-12-19 08:42:32,189,rewrite/merge,product,fertigation-system,high,merge into Fertigation System product family or solution,https://wp.pky-dripirrigation.com/intelligent-fertigation-system/
Direct Drive Negative Pressure Fan Use For Greenhouse Industry,direct-drive-negative-pressure-fan-use-for-greenhouse-industry,page,2025-01-18 08:15:33,75,discard,discard,,low,weak connection to current irrigation automation positioning,https://wp.pky-dripirrigation.com/direct-drive-negative-pressure-fan-use-for-greenhouse-industry/
Ventilation Fan Use For Industrial Greenhouse,cooling-equipment-ventilation-fan-use-for-industrial-greenhouse,page,2025-01-18 08:36:11,29,discard,discard,,low,weak connection to current irrigation automation positioning,https://wp.pky-dripirrigation.com/cooling-equipment-ventilation-fan-use-for-industrial-greenhouse/
Greenhouse Farm Cooling Water Curtain,greenhouse-farm-cooling-water-curtain,page,2025-01-18 08:51:15,93,discard,discard,,low,weak connection to current irrigation automation positioning,https://wp.pky-dripirrigation.com/greenhouse-farm-cooling-water-curtain/
Digital Intelligent Temperature Humidity Controller,digital-intelligent-temperature-humidity-controller,page,2025-01-29 03:56:26,269,rewrite/merge,product,pump-valve-control-system,high,merge into Pump & Valve Control System / Irrigation Controller family,https://wp.pky-dripirrigation.com/digital-intelligent-temperature-humidity-controller/
Digital Intelligent Light Controller,digital-intelligent-light-controller,page,2025-01-29 04:48:13,266,rewrite/merge,product,sensors-monitoring,high,merge into Pump & Valve Control System / Irrigation Controller family,https://wp.pky-dripirrigation.com/digital-intelligent-light-controller/
Downloads,downloads,page,2025-03-03 03:02:39,15,discard,discard,,low,utility/empty/low-value page,https://wp.pky-dripirrigation.com/downloads/
Application Case,application-case,page,2025-03-07 01:05:13,34,review,review,,low,needs manual review,https://wp.pky-dripirrigation.com/application-case/
PKY-Drip Automatic Irrigation and Fertilization System: Tailored for Non-Network Areas,pky-drip-automatic-irrigation-and-fertilization-system-tailored-for-non-network-areas,page,2025-03-29 07:44:50,414,rewrite,solution,wireless-irrigation-control,medium,solution/project concept material,https://wp.pky-dripirrigation.com/pky-drip-automatic-irrigation-and-fertilization-system-tailored-for-non-network-areas/
Home,home_2025,page,2025-05-09 11:20:56,158,review,review,,low,needs manual review,https://wp.pky-dripirrigation.com/
"Drip irrigation brings the changes,how amazing, let us see the data",drip-irrigation-brings-the-changeshow-amazing-let-us-see-the-data,post,2018-09-29 01:26:45,452,rewrite/merge,docs,drip-irrigation-brings-the-changeshow-amazing-let-us-see-the,low,technical reference; keep only if rewritten and linked to products/solutions,https://wp.pky-dripirrigation.com/about-drip-irrigation/drip-irrigation-brings-the-changeshow-amazing-let-us-see-the-data/
Development prospect of water saving irrigation,development-prospect-of-water-saving-irrigation,post,2018-09-29 01:30:26,418,rewrite/merge,docs,development-prospect-of-water-saving-irrigation,low,technical reference; keep only if rewritten and linked to products/solutions,https://wp.pky-dripirrigation.com/drip-irrigation-news/development-prospect-of-water-saving-irrigation/
Growers everywhere are adopting drip irrigation systems.Why?,growers-everywhere-are-adopting-drip-irrigation-systems-why,post,2018-09-29 01:34:44,384,rewrite/merge,docs,growers-everywhere-are-adopting-drip-irrigation-systems-why,low,technical reference; keep only if rewritten and linked to products/solutions,https://wp.pky-dripirrigation.com/drip-irrigation-application/growers-everywhere-are-adopting-drip-irrigation-systems-why/
Cleaning method for clogging of drip irrigation equipment,cleaning-method-for-clogging-of-drip-irrigation-equipment,post,2018-11-13 07:37:08,236,rewrite/merge,docs,drip-irrigation-blockage,low,technical reference; keep only if rewritten and linked to products/solutions,https://wp.pky-dripirrigation.com/drip-irrigation-news/cleaning-method-for-clogging-of-drip-irrigation-equipment/
What are the main categories of drip irrigation systems,what-are-the-main-categories-of-drip-irrigation-systems,post,2018-11-13 07:40:22,133,rewrite/merge,docs,what-are-the-main-categories-of-drip-irrigation-systems,low,technical reference; keep only if rewritten and linked to products/solutions,https://wp.pky-dripirrigation.com/drip-irrigation-news/what-are-the-main-categories-of-drip-irrigation-systems/
Which fertilizer can be applied with drip irrigation plant equipment?,which-fertilizer-can-be-applied-with-drip-irrigation-plant-equipment,post,2018-11-13 07:43:21,177,rewrite/merge,product,fertigation-system,high,merge into Fertigation System product family or solution,https://wp.pky-dripirrigation.com/drip-irrigation-news/which-fertilizer-can-be-applied-with-drip-irrigation-plant-equipment/
How to avoid drip irrigation manufacturers with plug,how-to-avoid-drip-irrigation-manufacturers-with-plug,post,2018-11-13 07:49:00,446,rewrite/merge,docs,how-to-avoid-drip-irrigation-manufacturers-with-plug,low,technical reference; keep only if rewritten and linked to products/solutions,https://wp.pky-dripirrigation.com/drip-irrigation-news/how-to-avoid-drip-irrigation-manufacturers-with-plug/
The advantages of choosing PE drip irrigation pipe,the-advantages-of-choosing-pe-drip-irrigation-pipe,post,2018-11-13 07:50:27,206,rewrite/merge,product,filters-valves-accessories,medium,supporting components; do not create many SKU pages,https://wp.pky-dripirrigation.com/drip-irrigation-news/the-advantages-of-choosing-pe-drip-irrigation-pipe/
"How does drip irrigation apply fertilizer, ability yield doubles?",how-does-drip-irrigation-apply-fertilizer-ability-yield-doubles,post,2018-11-14 02:41:09,185,rewrite/merge,product,fertigation-system,high,merge into Fertigation System product family or solution,https://wp.pky-dripirrigation.com/drip-irrigation-news/how-does-drip-irrigation-apply-fertilizer-ability-yield-doubles/
Spray irrigation can improve crop yield,spray-irrigation-can-improve-crop-yield,post,2018-11-14 02:42:53,386,rewrite/merge,docs,spray-irrigation-can-improve-crop-yield,low,technical reference; keep only if rewritten and linked to products/solutions,https://wp.pky-dripirrigation.com/drip-irrigation-news/spray-irrigation-can-improve-crop-yield/
Classification of drip irrigation tape,classification-of-drip-irrigation-tape,post,2018-11-15 01:19:43,180,rewrite/merge,product,filters-valves-accessories,medium,supporting components; do not create many SKU pages,https://wp.pky-dripirrigation.com/drip-irrigation-news/classification-of-drip-irrigation-tape/
Characteristics of drip irrigation tape,classification-of-drip-irrigation-tape-2,post,2018-11-15 01:22:27,107,rewrite/merge,product,filters-valves-accessories,medium,supporting components; do not create many SKU pages,https://wp.pky-dripirrigation.com/drip-irrigation-news/classification-of-drip-irrigation-tape-2/
Equipment composition of sprinkler irrigation system,equipment-composition-of-sprinkler-irrigation-system,post,2018-11-16 01:17:26,344,rewrite/merge,product,filters-valves-accessories,medium,supporting components; do not create many SKU pages,https://wp.pky-dripirrigation.com/drip-irrigation-news/equipment-composition-of-sprinkler-irrigation-system/
Type of sprinkler system,type-of-sprinkler-system,post,2018-11-16 01:22:18,568,rewrite/merge,product,filters-valves-accessories,medium,supporting components; do not create many SKU pages,https://wp.pky-dripirrigation.com/about-drip-irrigation/type-of-sprinkler-system/
Advantages of water saving irrigation,advantages-of-water-saving-irrigation,post,2018-11-17 01:16:08,228,rewrite/merge,docs,advantages-of-water-saving-irrigation,low,technical reference; keep only if rewritten and linked to products/solutions,https://wp.pky-dripirrigation.com/drip-irrigation-news/advantages-of-water-saving-irrigation/
The significance of developing water-saving irrigation,the-significance-of-developing-water-saving-irrigation,post,2018-11-17 01:17:41,197,rewrite/merge,docs,the-significance-of-developing-water-saving-irrigation,low,technical reference; keep only if rewritten and linked to products/solutions,https://wp.pky-dripirrigation.com/drip-irrigation-news/the-significance-of-developing-water-saving-irrigation/
Matters needing attention for drip irrigation pipe,matters-needing-attention-for-drip-irrigation-pipe,post,2018-11-19 01:22:20,159,rewrite/merge,product,filters-valves-accessories,medium,supporting components; do not create many SKU pages,https://wp.pky-dripirrigation.com/drip-irrigation-news/matters-needing-attention-for-drip-irrigation-pipe/
What's the difference between drip irrigation and drip irrigation？,whats-the-difference-between-drip-irrigation-and-drip-irrigation%ef%bc%9f,post,2018-11-19 01:24:12,242,rewrite/merge,docs,whats-the-difference-between-drip-irrigation-and-drip-irriga,low,technical reference; keep only if rewritten and linked to products/solutions,https://wp.pky-dripirrigation.com/drip-irrigation-news/whats-the-difference-between-drip-irrigation-and-drip-irrigation%ef%bc%9f/
Advantages of drip irrigation pipe,advantages-of-drip-irrigation-pipe,post,2018-11-20 01:05:18,599,rewrite/merge,product,filters-valves-accessories,medium,supporting components; do not create many SKU pages,https://wp.pky-dripirrigation.com/drip-irrigation-news/advantages-of-drip-irrigation-pipe/
Application and classification of drip irrigation pipe,application-and-classification-of-drip-irrigation-pipe,post,2018-11-20 01:07:47,71,rewrite/merge,product,filters-valves-accessories,medium,supporting components; do not create many SKU pages,https://wp.pky-dripirrigation.com/drip-irrigation-news/application-and-classification-of-drip-irrigation-pipe/
The effect of drip irrigation tape,the-effect-of-drip-irrigation-tape,post,2018-11-21 01:12:05,100,rewrite/merge,product,filters-valves-accessories,medium,supporting components; do not create many SKU pages,https://wp.pky-dripirrigation.com/drip-irrigation-news/the-effect-of-drip-irrigation-tape/
Installation of drip irrigation tape,installation-of-drip-irrigation-tape,post,2018-11-21 03:35:23,243,rewrite/merge,product,filters-valves-accessories,medium,supporting components; do not create many SKU pages,https://wp.pky-dripirrigation.com/drip-irrigation-news/installation-of-drip-irrigation-tape/
The importance of irrigation filters in water-saving irrigation systems,the-importance-of-irrigation-filters-in-water-saving-irrigation-systems,post,2018-11-22 01:03:07,322,rewrite/merge,product,filters-valves-accessories,medium,merge into Filters & Irrigation Components,https://wp.pky-dripirrigation.com/drip-irrigation-news/the-importance-of-irrigation-filters-in-water-saving-irrigation-systems/
How to select the appropriate filter,how-to-select-the-appropriate-filter,post,2018-11-22 01:08:14,319,rewrite/merge,product,filters-valves-accessories,medium,merge into Filters & Irrigation Components,https://wp.pky-dripirrigation.com/drip-irrigation-news/how-to-select-the-appropriate-filter/
Why can drip irrigation save water than traditional irrigation,why-can-drip-irrigation-save-water-than-traditional-irrigation,post,2018-11-23 01:22:07,529,rewrite/merge,docs,why-can-drip-irrigation-save-water-than-traditional-irrigati,low,technical reference; keep only if rewritten and linked to products/solutions,https://wp.pky-dripirrigation.com/drip-irrigation-news/why-can-drip-irrigation-save-water-than-traditional-irrigation/
Drip irrigation pipe drip irrigation belt blockage reasons and how to solve the treatment,drip-irrigation-pipe-drip-irrigation-belt-blockage-reasons-and-how-to-solve-the-treatment,post,2018-11-23 01:30:25,698,rewrite/merge,product,filters-valves-accessories,medium,supporting components; do not create many SKU pages,https://wp.pky-dripirrigation.com/drip-irrigation-news/drip-irrigation-pipe-drip-irrigation-belt-blockage-reasons-and-how-to-solve-the-treatment/
Benefits of irrigation technology application,benefits-of-irrigation-technology-application,post,2018-11-26 01:03:28,505,rewrite/merge,docs,benefits-of-irrigation-technology-application,low,technical reference; keep only if rewritten and linked to products/solutions,https://wp.pky-dripirrigation.com/drip-irrigation-news/benefits-of-irrigation-technology-application/
Irrigation technology of vegetable greenhouses under membrane,irrigation-technology-of-vegetable-greenhouses-under-membrane,post,2018-11-26 01:07:34,734,rewrite/merge,docs,irrigation-technology-of-vegetable-greenhouses-under-membran,low,technical reference; keep only if rewritten and linked to products/solutions,https://wp.pky-dripirrigation.com/drip-irrigation-news/irrigation-technology-of-vegetable-greenhouses-under-membrane/
Drip irrigation belt facilities and supporting technologies under the application of strawberry membrane,drip-irrigation-belt-facilities-and-supporting-technologies-under-the-application-of-strawberry-membrane,post,2018-11-27 00:56:42,381,rewrite,applications,greenhouse-crop-irrigation,medium,convert to application scenario/case page,https://wp.pky-dripirrigation.com/drip-irrigation-news/drip-irrigation-belt-facilities-and-supporting-technologies-under-the-application-of-strawberry-membrane/
What are the advantages of microjet belt?,what-are-the-advantages-of-microjet-belt,post,2018-11-28 08:57:22,219,rewrite/merge,docs,what-are-the-advantages-of-microjet-belt,low,technical reference; keep only if rewritten and linked to products/solutions,https://wp.pky-dripirrigation.com/drip-irrigation-news/what-are-the-advantages-of-microjet-belt/
What kinds of plants are suitable for drip irrigation and micro-sprinkler irrigation?,what-kinds-of-plants-are-suitable-for-drip-irrigation-and-micro-sprinkler-irrigation,post,2018-11-29 01:17:59,228,rewrite/merge,product,filters-valves-accessories,medium,supporting components; do not create many SKU pages,https://wp.pky-dripirrigation.com/drip-irrigation-news/what-kinds-of-plants-are-suitable-for-drip-irrigation-and-micro-sprinkler-irrigation/
The advantages of integration of water and fertilizer,the-advantages-of-integration-of-water-and-fertilizer,post,2018-11-30 02:42:24,489,rewrite/merge,product,fertigation-system,high,merge into Fertigation System product family or solution,https://wp.pky-dripirrigation.com/drip-irrigation-news/the-advantages-of-integration-of-water-and-fertilizer/
How to install DIY garden drip irrigation kits,how-to-install-diy-garden-drip-irrigation-kits,post,2018-12-26 02:49:40,49,rewrite/merge,docs,how-to-install-diy-garden-drip-irrigation-kits,low,technical reference; keep only if rewritten and linked to products/solutions,https://wp.pky-dripirrigation.com/drip-irrigation-kits/how-to-install-diy-garden-drip-irrigation-kits/
Importance of drip irrigation,importance-of-drip-irrigation,post,2019-01-15 08:37:28,327,rewrite/merge,docs,importance-of-drip-irrigation,low,technical reference; keep only if rewritten and linked to products/solutions,https://wp.pky-dripirrigation.com/drip-irrigation-news/importance-of-drip-irrigation/
Drip irrigation corn water and fertilizer irrigation technical scheme,drip-irrigation-corn-water-and-fertilizer-irrigation-technical-scheme,post,2019-01-17 09:33:30,853,rewrite/merge,product,fertigation-system,high,merge into Fertigation System product family or solution,https://wp.pky-dripirrigation.com/irrigation-case/cron-irrigation-case/drip-irrigation-corn-water-and-fertilizer-irrigation-technical-scheme/
Capsicum high-efficiency water-saving irrigation method under-film drip irrigation tape,capsicum-high-efficiency-water-saving-irrigation-method-under-film-drip-irrigation-tape,post,2019-01-18 03:22:36,841,rewrite/merge,product,filters-valves-accessories,medium,supporting components; do not create many SKU pages,https://wp.pky-dripirrigation.com/irrigation-case/capsicum-irrigation-case/capsicum-high-efficiency-water-saving-irrigation-method-under-film-drip-irrigation-tape/
Tomato drip irrigation program,tomato-drip-irrigation-program,post,2019-01-18 07:50:10,763,rewrite,applications,tomato-drip-irrigation,medium,convert to application scenario/case page,https://wp.pky-dripirrigation.com/drip-irrigation-news/tomato-drip-irrigation-program/
Fruit tree drip irrigation case,fruit-tree-drip-irrigation-case,post,2019-01-18 09:53:37,1634,rewrite,applications,orchard-irrigation,medium,convert to application scenario/case page,https://wp.pky-dripirrigation.com/drip-irrigation-news/fruit-tree-drip-irrigation-case/
Glossary of drip irrigation,glossary-of-drip-irrigation,post,2019-01-18 10:10:33,302,rewrite/merge,docs,drip-irrigation-glossary,low,technical reference; keep only if rewritten and linked to products/solutions,https://wp.pky-dripirrigation.com/about-drip-irrigation/glossary-of-drip-irrigation/
Seven Benefits of Drip Irrigation in Vineyards,seven-benefits-of-drip-irrigation-in-vineyards,post,2019-01-22 01:34:34,470,rewrite,applications,orchard-irrigation,medium,convert to application scenario/case page,https://wp.pky-dripirrigation.com/drip-irrigation-news/seven-benefits-of-drip-irrigation-in-vineyards/
Fruit tree drip irrigation case,fruit-tree-drip-irrigation-case-2,post,2019-01-24 06:44:30,1549,rewrite,applications,orchard-irrigation,medium,convert to application scenario/case page,https://wp.pky-dripirrigation.com/drip-irrigation-news/fruit-tree-drip-irrigation-case-2/
Cotton drip irrigation,cotton-drip-irrigation,post,2019-01-24 09:28:58,508,rewrite,applications,cotton-drip-irrigation,medium,convert to application scenario/case page,https://wp.pky-dripirrigation.com/drip-irrigation-news/cotton-drip-irrigation/
Apple drip irrigation,apple-drip-irrigation,post,2019-01-29 02:13:53,570,rewrite,applications,orchard-irrigation,medium,convert to application scenario/case page,https://wp.pky-dripirrigation.com/drip-irrigation-news/apple-drip-irrigation/
Beet drip irrigation,beet-drip-irrigation,post,2019-01-30 07:38:48,576,rewrite,applications,beet-drip-irrigation,medium,convert to application scenario/case page,https://wp.pky-dripirrigation.com/drip-irrigation-news/beet-drip-irrigation/
Watermelon drip irrigation,watermelon-drip-irrigation,post,2019-01-30 08:55:37,728,rewrite,applications,watermelon-drip-irrigation,medium,convert to application scenario/case page,https://wp.pky-dripirrigation.com/drip-irrigation-news/watermelon-drip-irrigation/
Strawberry drip irrigation,strawberry-drip-irrigation,post,2019-01-31 09:20:21,469,rewrite,applications,greenhouse-crop-irrigation,medium,convert to application scenario/case page,https://wp.pky-dripirrigation.com/drip-irrigation-news/strawberry-drip-irrigation/
Solar pump system for agriculture irrigation,solar-pump-system-for-agriculture-irrigation,post,2019-04-24 11:27:57,112,rewrite/merge,solution,solar-powered-irrigation,medium,use for Solar-Powered Irrigation / solar pump guide,https://wp.pky-dripirrigation.com/faq/solar-pump-system-for-agriculture-irrigation/
How dose solar water pump work?,how-dose-solar-water-pump-work,post,2019-05-07 07:24:56,315,rewrite/merge,solution,solar-powered-irrigation,medium,use for Solar-Powered Irrigation / solar pump guide,https://wp.pky-dripirrigation.com/faq/how-dose-solar-water-pump-work/
Application of Photovoltaic Solar Water Pump,application-of-photovoltaic-solar-water-pump,post,2019-05-09 03:57:33,989,rewrite/merge,solution,solar-powered-irrigation,medium,use for Solar-Powered Irrigation / solar pump guide,https://wp.pky-dripirrigation.com/faq/application-of-photovoltaic-solar-water-pump/
"Composition, operation and classification of solar photovoltaic pumps",composition-operation-and-classification-of-solar-photovoltaic-pumps,post,2019-05-09 06:47:06,795,rewrite/merge,solution,solar-powered-irrigation,medium,use for Solar-Powered Irrigation / solar pump guide,https://wp.pky-dripirrigation.com/faq/composition-operation-and-classification-of-solar-photovoltaic-pumps/
In what areas can Solar Pumps be used?,in-what-areas-can-solar-pumps-be-used,post,2019-05-10 08:42:37,226,rewrite/merge,solution,solar-powered-irrigation,medium,use for Solar-Powered Irrigation / solar pump guide,https://wp.pky-dripirrigation.com/faq/in-what-areas-can-solar-pumps-be-used/
"Kenyan farmers' improvised drip irrigation system produces food, protects environment",kenyan-farmers-improvised-drip-irrigation-system-produces-food-protects-environment,post,2019-08-21 08:17:54,694,discard,discard,,low,generic news/third-party content,https://wp.pky-dripirrigation.com/drip-irrigation-news/kenyan-farmers-improvised-drip-irrigation-system-produces-food-protects-environment/
Netafim Signs $14 Million Irrigation Deal in Tanzania,netafim-signs-14-million-irrigation-deal-in-tanzania,post,2019-08-22 07:22:53,255,discard,discard,,low,generic news/third-party content,https://wp.pky-dripirrigation.com/drip-irrigation-news/netafim-signs-14-million-irrigation-deal-in-tanzania/
Tanzanian farmer demonstrates potential of greenhouse farming,tanzanian-farmer-demonstrates-potential-of-greenhouse-farming,post,2019-08-23 03:06:11,379,discard,discard,,low,generic news/third-party content,https://wp.pky-dripirrigation.com/drip-irrigation-news/tanzanian-farmer-demonstrates-potential-of-greenhouse-farming/
DC 80V submersible solar water pump outlet 1.25” 0.75kw 1hp,dc-80v-submersible-solar-water-pump-outlet-1-25-0-75kw-1hp,post,2019-12-22 06:41:53,680,rewrite/merge,solution,solar-powered-irrigation,medium,use for Solar-Powered Irrigation / solar pump guide,https://wp.pky-dripirrigation.com/solar-pump/dc-80v-submersible-solar-water-pump-outlet-1-25-0-75kw-1hp/
Stainless Steel 24V DC Solar Pump with Solar Panel for Deep Well Agriculture,stainless-steel-24v-dc-solar-pump-with-solar-panel-for-deep-well-agriculture,post,2019-12-25 01:54:05,583,rewrite/merge,solution,solar-powered-irrigation,medium,use for Solar-Powered Irrigation / solar pump guide,https://wp.pky-dripirrigation.com/solar-pump/stainless-steel-24v-dc-solar-pump-with-solar-panel-for-deep-well-agriculture/
30m PVC Hose DIY Automatic Irrigation Kits Orange Spray Garden Watering Drip irrigation system,30m-pvc-hose-diy-automatic-irrigation-kits-orange-spray-garden-watering-drip-irrigation-system,post,2020-06-17 02:47:12,259,rewrite/merge,docs,30m-pvc-hose-diy-automatic-irrigation-kits-orange-spray-gard,low,technical reference; keep only if rewritten and linked to products/solutions,https://wp.pky-dripirrigation.com/drip-irrigation-kits/30m-pvc-hose-diy-automatic-irrigation-kits-orange-spray-garden-watering-drip-irrigation-system/
Introduction to the irrigation system of the bean greenhouse,introduction-to-the-irrigation-system-of-the-bean-greenhouse,post,2020-07-03 07:51:06,59,review,review,,low,needs manual review,https://wp.pky-dripirrigation.com/faq/introduction-to-the-irrigation-system-of-the-bean-greenhouse/
pkydrip drip irrigation-solar pump demo projects in our factory,pkydrip-drip-irrigation-solar-pump-demo-projects-in-our-factory,post,2020-09-11 09:48:54,30,rewrite/merge,solution,solar-powered-irrigation,medium,use for Solar-Powered Irrigation / solar pump guide,https://wp.pky-dripirrigation.com/drip-irrigation-news/pkydrip-drip-irrigation-solar-pump-demo-projects-in-our-factory/
Privacy Policy,privacy-policy,post,2021-04-26 08:55:04,2587,discard,discard,,low,utility/empty/low-value page,https://wp.pky-dripirrigation.com/faq/privacy-policy/
PKY Zoning Irrigation Control System,pky-zoning-irrigation-control-system,post,2022-12-14 04:55:52,153,rewrite/merge,product,pump-valve-control-system,high,merge into Pump & Valve Control System / Irrigation Controller family,https://wp.pky-dripirrigation.com/about-drip-irrigation/pky-zoning-irrigation-control-system/
Pkydrip Zoning Irrigation: Automated Watering for Maximized Yields,pkydrip-zoning-irrigation-automated-watering-for-maximized-yields,post,2023-12-13 08:13:56,1820,keep/rewrite,site,,medium,reuse for About/FAQ/OEM/contact content as needed,https://wp.pky-dripirrigation.com/zone-irrigation-system/pkydrip-zoning-irrigation-automated-watering-for-maximized-yields/
Customize irrigation controllers that suit your farm,customize-irrigation-controllers-that-suit-your-farm,post,2024-07-17 03:07:43,103,rewrite/merge,product,pump-valve-control-system,high,merge into Pump & Valve Control System / Irrigation Controller family,https://wp.pky-dripirrigation.com/zone-irrigation-system/customize-irrigation-controllers-that-suit-your-farm/
Unlocking the Future of Farming with PKYDrip: Advanced Container Farming Solutions,unlocking-the-future-of-farming-with-pkydrip-advanced-container-farming-solutions,post,2024-12-10 08:26:36,848,review,review,,low,needs manual review,https://wp.pky-dripirrigation.com/faq/unlocking-the-future-of-farming-with-pkydrip-advanced-container-farming-solutions/
Customizable Multi-Zone Irrigation Solutions: Tailored to Your Agricultural Needs,customizable-multi-zone-irrigation-solutions-tailored-to-your-agricultural-needs,post,2024-12-12 08:45:29,743,rewrite,solution,open-field-irrigation,medium,solution/project concept material,https://wp.pky-dripirrigation.com/zone-irrigation-system/customizable-multi-zone-irrigation-solutions-tailored-to-your-agricultural-needs/
2500m² Hydroponic System: PKYDrip Intelligent Sensor and Control System Solution,customize-irrigation-controllers-that-suit-your-farm-2,post,2025-01-07 07:13:55,694,rewrite/merge,product,sensors-monitoring,high,merge into Pump & Valve Control System / Irrigation Controller family,https://wp.pky-dripirrigation.com/drip-irrigation-application/customize-irrigation-controllers-that-suit-your-farm-2/
"Proposed Model for PKYDrip Smart Irrigation System in Salt Lake City, Utah",proposed-model-for-pkydrip-smart-irrigation-system-in-salt-lake-city-utah,post,2025-01-07 12:46:31,592,rewrite/merge,docs,proposed-model-for-pkydrip-smart-irrigation-system-in-salt-l,low,technical reference; keep only if rewritten and linked to products/solutions,https://wp.pky-dripirrigation.com/drip-irrigation-application/proposed-model-for-pkydrip-smart-irrigation-system-in-salt-lake-city-utah/
Rainwater Harvesting and Hydroponic Vegetable Cultivation for Saudi Arabia and Dubai,rainwater-harvesting-and-hydroponic-vegetable-cultivation-for-saudi-arabia-and-dubai,post,2025-01-07 13:08:14,644,rewrite,solution,hydroponic-irrigation,medium,use for Hydroponic Irrigation / controlled agriculture,https://wp.pky-dripirrigation.com/faq/rainwater-harvesting-and-hydroponic-vegetable-cultivation-for-saudi-arabia-and-dubai/
Nutrient Film Technique Hdroponics,nutrient-film-technique-hdroponics,post,2025-01-15 03:40:09,367,rewrite,solution,open-field-irrigation,medium,use for Hydroponic Irrigation / controlled agriculture,https://wp.pky-dripirrigation.com/drip-irrigation-news/nutrient-film-technique-hdroponics/
PKY Drip Intelligent Container Plant Factory,pky-drip-intelligent-container-plant-factory,post,2025-01-15 04:05:54,395,rewrite,solution,hydroponic-irrigation,medium,use for Hydroponic Irrigation / controlled agriculture,https://wp.pky-dripirrigation.com/drip-irrigation-news/pky-drip-intelligent-container-plant-factory/
PKY Drip Hydroponic System Features,pky-drip-hydroponic-system-features,post,2025-01-15 04:10:17,287,rewrite,solution,hydroponic-irrigation,medium,use for Hydroponic Irrigation / controlled agriculture,https://wp.pky-dripirrigation.com/drip-irrigation-news/pky-drip-hydroponic-system-features/
Intelligent Vertical Planting Solutions,pky-drip-smart-vertical-planting,post,2025-01-15 04:18:58,335,rewrite,solution,hydroponic-irrigation,medium,use for Hydroponic Irrigation / controlled agriculture,https://wp.pky-dripirrigation.com/drip-irrigation-news/pky-drip-smart-vertical-planting/
 Rain Pipe Irrigation Solution for 4 Hectares of Corn Field,rain-pipe-irrigation-solution-for-4-hectares-of-corn-field,post,2025-01-22 08:15:16,307,rewrite,applications,corn-field-irrigation,medium,convert to application scenario/case page,https://wp.pky-dripirrigation.com/irrigation-case/rain-pipe-irrigation-solution-for-4-hectares-of-corn-field/
How Cooling Wet Curtains Optimize Greenhouse Temperature and Boost Productivity?,how-cooling-wet-curtains-optimize-greenhouse-temperature-and-boost-productivity,post,2025-01-20 08:24:57,402,discard,discard,,low,weak connection to current irrigation automation positioning,https://wp.pky-dripirrigation.com/drip-irrigation-news/how-cooling-wet-curtains-optimize-greenhouse-temperature-and-boost-productivity/
How do negative pressure exhaust fans cool and ventilate a greenhouse?,how-do-negative-pressure-exhaust-fans-cool-and-ventilate-a-greenhouse,post,2025-01-21 07:35:17,490,discard,discard,,low,weak connection to current irrigation automation positioning,https://wp.pky-dripirrigation.com/drip-irrigation-news/how-do-negative-pressure-exhaust-fans-cool-and-ventilate-a-greenhouse/
Drip Tape Irrigation Solution for 1 Hectare of Tomato Field,drip-tape-irrigation-solution-for-1-hectare-of-tomato-field,post,2025-02-07 08:25:12,387,rewrite/merge,product,filters-valves-accessories,medium,supporting components; do not create many SKU pages,https://wp.pky-dripirrigation.com/open-field-solutions/drip-tape-irrigation-solution-for-1-hectare-of-tomato-field/
Sprinkler Irrigation Plan for 3 Hectares of Banana,sprinkler-irrigation-plan-for-3-hectares-of-banana,post,2025-02-19 04:16:09,370,rewrite/merge,product,filters-valves-accessories,medium,supporting components; do not create many SKU pages,https://wp.pky-dripirrigation.com/open-field-solutions/sprinkler-irrigation-plan-for-3-hectares-of-banana/
Drip Irrigation Solution for 10 Hectares of Coconut Trees,drip-irrigation-solution-for-10-hectares-of-coconut-trees,post,2025-02-26 06:30:57,283,rewrite,applications,coconut-drip-irrigation,medium,convert to application scenario/case page,https://wp.pky-dripirrigation.com/open-field-solutions/drip-irrigation-solution-for-10-hectares-of-coconut-trees/
Greenhouse Vegetable Cultivation Solution,greenhouse-vegetable-cultivation-solution,post,2025-03-03 08:36:54,453,rewrite,applications,greenhouse-crop-irrigation,medium,convert to application scenario/case page,https://wp.pky-dripirrigation.com/faq/greenhouse-vegetable-cultivation-solution/
"Micro-tube Outflow Irrigation, the Ideal Way to Nourish Cocoa Trees",micro-tube-outflow-irrigation-the-ideal-way-to-nourish-cocoa-trees,post,2025-03-07 09:40:41,229,rewrite,applications,micro-tube-outflow-irrigation-the-ideal-way-to-nourish-cocoa,medium,convert to application scenario/case page,https://wp.pky-dripirrigation.com/open-field-solutions/micro-tube-outflow-irrigation-the-ideal-way-to-nourish-cocoa-trees/
21 Hectares of Rice Flood Irrigation Solution,21-hectares-of-rice-flood-irrigation,post,2025-03-19 09:28:08,329,rewrite,applications,rice-field-water-control,medium,convert to application scenario/case page,https://wp.pky-dripirrigation.com/faq/21-hectares-of-rice-flood-irrigation/
